sms_stemmed,Actual Classification,Predicted Classification
case guess see campu lodg,0,0.0
fine,0,0.0
win westlif current tour unbreak untam unkempt text cost text,1,1.0
great hear settl well happenin wit ola,0,0.0
mean fat head,0,0.0
parent kidz friend colleagu surpris wait nake,0,0.0
neva mind,0,0.0
ok wun angri msg aft come home tonight,0,0.0
well desper call armand,0,0.0
great send account number,0,0.0
told tell stupid hear wont tell anyth dad call brother spoken,0,0.0
feel alway slowli becom habit amp final becom part follow happi morn amp happi day,0,0.0
sound good finger make difficult type,0,0.0
know taj mahal symbol love lesser known fact mumtaz shahjahan wife wife shahjahan kill mumtaz husband marri mumtaz die lt gt th deliveri marri mumtaz sister question aris hell love great,0,0.0
th gower mate man good wale ill back   morrow wk msg    random,0,0.0
noth ever easi look reason take risk life love,0,0.0
hey miss tm last night phone charg meet friend shortli,0,0.0
easi mate guess quick drink bit ambiti,0,0.0
sexi singl wait text age follow gender wither gay men text age follow,1,1.0
also andro ice etc etc,0,0.0
noth ju tot would ask co ba gua went mt faber yest yest ju went alreadi mah today go ju call lor,0,0.0
whatsup dont want sleep,0,0.0
free entri weekli comp chanc win ipod txt pod get entri std txt rate appli detail,1,1.0
wnt buy bmw car vri hv shortag lt gt sourc arng di amt lt gt prob,0,0.0
yeah work fine start last week stuff dull easi guy fun,0,0.0
problem renew right away dont know detail,0,0.0
happi new year hope good semest,0,0.0
thought king hill thing,0,0.0
lolnic went fish,0,0.0
wen ur free come home also tel vikki hav sent mail better come even il free today aftr,0,0.0
read shame tell take run blame ever realli ever long time,0,0.0
sorri join leagu peopl dont keep touch mean great deal friend time even great person cost great,0,0.0
ye small boost secret,0,0.0
whatev want know rule talk earlier week start happen show respons yet everi week bend rule way way whatev tire thia argument everi week lt gt movi doesnt inlud preview still get,0,0.0
call finish come pick,0,0.0
tell make littl spreadsheet track whose idea smoke determin entir month februari come,0,0.0
wat time go xin hostel,0,0.0
good even ttyl,0,0.0
good even roger,0,0.0
think think use good,0,0.0
free top rington weekli week subpoli per,1,1.0
got call landlin number ask come anna nagar go afternoon,0,0.0
fantasi footbal back tv go sky gamestar sky activ play dream team score start saturday regist sky opt,1,1.0
way tirupur,0,0.0
what staff name take class us,0,0.0
drive rain get caught mrt station lor,0,0.0
perhap much easi give account identif tomorrow uni,0,0.0
get lion england tone repli lionm mono lionp poli go origin best tone network oper rate appli,1,1.0
know thing wrong everyso often panick start goin bout bein good enough,0,0.0
oh grand bit parti mention cover charg probabl first come first serv,0,0.0
ya go,0,0.0
love cuddl want hold strong arm right,0,0.0
guy kadeem sell sinc break know one guy paranoid fuck like sell without ca til late tonight,0,0.0
appt lt time gt fault listen told twice,0,0.0
im good think,0,0.0
valu vodafon custom comput pick win prize collect easi call,1,1.0
jokin oni    busi wun disturb,0,0.0
yeah think usual guy still pass last night get ahold anybodi let know throw,0,0.0
evri emot ds hav wish ds hav smile world wit even drop tear ds lik stay wit good morn keep smile,0,0.0
well great weekend,0,0.0
aight text tonight see,0,0.0
nvm ok,0,0.0
good even sir al salam happi grace god got offer tayseer tissco allah meet visitor india,0,0.0
tast fish curri,0,0.0
dont kick coco,0,0.0
sch neva mind eat,0,0.0
mobil sm ur mail regard achan,0,0.0
free entri wkli comp win fa cup final tkt may text fa receiv entri question std txt rate appli,1,1.0
thank princess sexi,0,0.0
hi keen go kind feel go tomo mind,0,0.0
sure mean made hold,0,0.0
read text sent meant joke read light,0,0.0
love hope anyth drastic dare sell pc phone,0,0.0
check room befor activ,0,0.0
lol need cash nitro hurri come crash,0,0.0
sent jd custom servic cum account execut ur mail id detail contact us,0,0.0
scienc tell chocol melt sunlight pleas walk sunlight bcoz want loss sweet friend,0,0.0
ok lor,0,0.0
much will pay,0,0.0
seriou money base,0,0.0
school da lab stuff give call done,0,0.0
got ga money chanc gang want go grand natur adventur,0,0.0
today dedic song dedic send ur valuabl frnd first rpli,0,0.0
thk lor dunno get ticket wat,0,0.0
good hear,0,0.0
regret inform nh made never actual report yor local hospit sorri inconveni,0,0.0
yun ubi one say wan call look got ubi cre ubi tech,0,0.0
xy ur car pick,0,0.0
go home liao ask dad pick,0,0.0
room number wan na make sure knock right door,0,0.0
look forward sex two sleep,0,0.0
omg joanna freak look thru friend find photo ask stuff myspac even log like year,0,0.0
day class class,0,0.0
congrat nokia video camera phone call call cost ave call vari mobil close post ldn,1,1.0
say order slipper co pay return,0,0.0
necessarili expect done get back though headin,0,0.0
tell someth that okay,0,0.0
carlo pick swing usf littl bit,0,0.0
tunji queen wish great day abiola,0,0.0
sound like could lot time spent chastiti devic boy take beat like good dog go loung nice long bath,0,0.0
sorri hurt,0,0.0
think wait bu inform get ever get,0,0.0
number gon na massiv pain ass rather get involv possibl,0,0.0
hi sexychat girl wait text text great night chat send stop stop servic,1,1.0
dear voucher holder claim week offer pc pleas go http ts cs appli,1,1.0
go doctor liver get bit stylish get ur hair manag that,0,0.0
rock,0,0.0
eatin lunch,0,0.0
know shall speak lt gt minut,0,0.0
yalru lyfu astn bt innu mundh lyf ali halla ke bilo marriag program edha lyf nt yet ovr vargu lyfu meow meow,0,0.0
cool time think get,0,0.0
curiou cuz ask,0,0.0
awesom gon na soon later tonight,0,0.0
jason say cool pick place like hour,0,0.0
ye last practic,0,0.0
urgent tri contact last weekend draw show prize guarante call claim code valid pm,1,1.0
late need go get da laptop,0,0.0
ew one,0,0.0
thanx darlin im cool thanx bday drink nite take care,0,0.0
ye fine love safe,0,0.0
ye innoc fun,0,0.0
ugh fuck resub eve,0,0.0
futur plan tomorrow result today best present enjoy futur,0,0.0
dont understand messag,0,0.0
hi mate rv hav nice hol messag say hello coz haven  t sent age start drive stay road rvx,0,0.0
ha ha ha good joke girl situat seeker,0,0.0
congrat year special cinema pass call suprman etc free dont miss,1,0.0
buy blackberri bold torch buy new use let know plu say buy lt gt wifi ipad say lt gt,0,0.0
think ur smart win week weekli quiz text play cs winnersclub po box,1,1.0
when radio show,0,0.0
oki,0,0.0
home also,0,0.0
mobi pub high street prize know new duchess cornwal txt first name stop sp arrow,1,1.0
meet work tel shall work tomorrow,0,0.0
one issu california okay snow manag,0,0.0
night end anoth day morn come special way may smile like sunni ray leav worri blue blue bay gud mrng,0,0.0
dunno lei like dun haf,0,0.0
think ask gym excus lazi peopl jog,0,0.0
anyon call treadmil say buy make sure work found ad craigslist sell lt gt,0,0.0
marri local women look discreet action real match instantli phone text match msg cost stop txt stop,1,1.0
ca right second got ta hit peopl first,0,0.0
storm msg wen lift phne say knw wt real mean hello name knw dat girl margaret girlfrnd grahmbel invnt telphon moral one name person bt girlfrnd,0,0.0
good day,0,0.0
pleas call immedi urgent messag wait,1,1.0
live next lt gt min,0,0.0
geeeee internet realli bad today eh,0,0.0
bloomberg center wait appli futur http,1,1.0
went project centr,0,0.0
ard lor ok messag lor,0,0.0
like tell deepest darkest fantasi call stop text call nat rate,1,1.0
text drop,0,0.0
sir wait letter,0,0.0
cbe chennai,0,0.0
lol alright thinkin haha,0,0.0
make girl happi difficult make girl happi need friend companion lover chef lt gt good listen lt gt organ lt gt good boyfriend lt gt clean lt gt sympathet lt gt athlet lt gt warm lt gt courag lt gt determin lt gt true lt gt depend lt gt intellig lt gt psychologist lt gt pest extermin lt gt psychiatrist lt gt healer lt gt stylist lt gt driver aaniy pudunga,0,0.0
imagin life without fast search alway disturb,0,0.0
thank meet monday,0,0.0
dear reach,0,0.0
happend,0,0.0
babe want dont babi im nasti thing filthyguy fanci rude time sexi bitch go slo hard txt xxx slo,1,0.0
happen tonight,0,0.0
ok prob take ur time,0,0.0
mila blond new uk look sex uk guy like fun text mtalk increment,1,1.0
ok come home,0,0.0
hey told name gautham ah,0,0.0
mobil mth updat latest orang phone free save free call text ye callback orno opt,1,1.0
come mu sort narcot situat,0,0.0
need detail onlin job,0,0.0
somebodi set websit play hold em use eve onlin spacebuck,0,0.0
bu love,0,0.0
pl full name joke school co fee univers florida seem actual lt gt pl holla back,0,0.0
congrat treat mail mail mother mail,0,0.0
dont know get messag,0,0.0
make life alway find time may add year life sure add life ur year gud,0,0.0
keep away like,0,0.0
ahhh work vagu rememb feel like lol,0,0.0
ic lol play door sometim yo,0,0.0
meet work tel shall work tomorrow,0,0.0
alway put busi put pictur ass facebook one open peopl ever met would think pictur room would hurt make feel violat,0,0.0
ill soon,0,0.0
hungri buy smth home,0,0.0
tkt cup final cash collect call pobox,1,1.0
goin,0,0.0
send naughti pix,0,0.0
fyi take quick shower epsilon like lt gt min,0,0.0
ok great thanx lot,0,0.0
ok lor,0,0.0
use foreign stamp whatev send,0,0.0
okay good problem thanx,0,0.0
enjoyin indian sall good hehe how bout shexi pete,0,0.0
one talk,0,0.0
hey charl sorri late repli,0,0.0
supervisor find one lor thk student havent ask yet tell aft ask,0,0.0
yo trip got postpon still stock,0,0.0
lol gon na last month cash left lt gt case collect week caus announc blog,0,0.0
tri figur suppos see coupl differ peopl week said get togeth set date,0,0.0
hey guy know breath neck get bud anyway abl get half track usf tonight,0,0.0
ela il download come wen ur,0,0.0
part check iq,0,0.0
madam regret receiv refer check dlf rakhesh kerala,0,0.0
cab pick drop door step,0,0.0
troubl class go well due dodgey one expect mine tomo see recoveri time place,0,0.0
onlin transact,0,0.0
wherr boytoy,0,0.0
saturday sunday holiday difficult,0,0.0
call hope malaria know miss guy miss bani big pl give love especi great day,0,0.0
borrow ur bag ok,0,0.0
thnx dude guy,0,0.0
sorri miss call let talk time,1,0.0
respond,0,0.0
love night wake see messag hope smile know great morn,0,0.0
ur chanc win wkli shop spree txt shop custcar,1,1.0
made eta taunton plan hope still okday good see,0,0.0
true passabl get high score appli phd get salari make life easier,0,0.0
sorri din lock keypad,0,0.0
yoyyooo know chang permiss drive mac usb flash drive,0,0.0
life spend someon lifetim may meaningless moment spent someon realli love mean life,0,0.0
realli quit funni lor wat shd haf run shorter distanc wat,0,0.0
take italian food pretti dress panti,0,0.0
got ten buck jay noncomitt,0,0.0
exactli anyway far jide studi visit,0,0.0
finish eat got plate leftov time,0,0.0
camera award sipix digit camera call fromm landlin deliveri within day,1,1.0
hmm mani unfortun pic obvious arent hot cake kinda fun tho,0,0.0
late love mum,0,0.0
fujitsu seri lifebook good,0,0.0
still mayb leav credit card get ga get back like told,0,0.0
sorri call later,0,0.0
say god love amp need clean heart ten special peopl amp miracl tomorrow pl pl,0,0.0
yavnt tri yet never play origin either,0,0.0
ya ok dinner,0,0.0
sweet well princess pleas tell like dislik bed,0,0.0
class holla later,0,0.0
beerag,0,0.0
wat dear sleep ah,0,0.0
thank pick trash,0,0.0
chanc realiti fantasi show call per min ntt ltd po box croydon nation rate call,1,1.0
dunno lei shd drive lor co go sch hr oni,0,0.0
sent de webadr gete salari slip,0,0.0
hungri buy food good lei mum yun dun wan juz buy littl bit,0,0.0
mmmm fuck fair know weak belli pull head forget know,0,0.0
free messag activ free text messag repli messag word free term condit visit,1,1.0
need say anyth know outsid,0,0.0
wat tht incid,0,0.0
take us shop mark distract,0,0.0
lt gt min stop somewher first,0,0.0
total disappoint text craziest shit got,0,0.0
oh wat ur email,0,0.0
call,0,0.0
say bold torch later one torch,0,0.0
ok tri week end cours coimbator,0,0.0
sorri miss babe late slept hope enjoy drive lesson boytoy miss,0,0.0
watch film,0,0.0
dont file work call tell find anyth room,0,0.0
sorri call later,0,0.0
free week nokia tone ur mob everi week txt nokia get txting tell ur mate pobox norm,1,1.0
call send girl erot ecstaci stop text call nat rate,1,1.0
hi mandi sullivan call hotmix fm chosen receiv easter prize draw telephon claim prize transfer someon els,1,1.0
ye dont care need bad princess,0,0.0
okay name ur price long legal wen pick ave am xx,0,0.0
ummmmmaah mani mani happi return day dear sweet happi birthday dear,0,0.0
height shit situat guy throw luv letter gal fall brother head who gay,0,0.0
know know send chat let find rcvd ldn year,1,1.0
knew time murder exactli,0,0.0
sam eachoth meet go hous,0,0.0
today vodafon number end select receiv award number match call receiv award,1,1.0
tell anyth,0,0.0
block breaker come delux format new featur great graphic buy repli get bbdelux take challeng,1,0.0
dont open,0,0.0
lol ok forgiven,0,0.0
number sir,0,0.0
ask chatlin inclu free min india cust serv sed ye got mega bill dont giv shit bailiff due day want,1,0.0
alway say welp,0,0.0
privat account statement show point call identifi code expir,1,1.0
usual bodi take care buy make sure doesnt progress pl continu talk saturday,0,0.0
erm woodland avenu somewher get parish magazin telephon number,0,0.0
privat account statement show point call identifi code expir,1,1.0
sim subscrib select receiv bonu get deliv door txt word ok claim exp,1,1.0
storm msg wen lift phne say knw wt real mean hello name knw dat girl margaret girlfrnd grahmbel invnt telphon moral one name person bt girlfrnd,0,0.0
ur pin,0,0.0
dun cut short leh dun like ah fail quit sad,0,0.0
valentin game send di msg ur friend answer someon realli love colour suit best,0,0.0
i  m cool ta luv caus doin load plan wk got social servic inspect nurseri take care spk sn,0,0.0
haha kid papa need drug,0,0.0
sorri gone place tomorrow realli sorri,0,0.0
ok noe busi realli bore msg oso dunno wat colour choos one,0,0.0
yeah usual guy town definit peopl around know,0,0.0
need coffe run tomo ca believ time week alreadi,0,0.0
latest nokia mobil ipod player proze guarante repli win norcorp,1,1.0
tri call repli sm video mobil min unlimit text free camcord repli call del thur,1,1.0
reach orchard alreadi wan go buy ticket first,0,0.0
problem babi good time talk call left messag,0,0.0
knw di lt gt,0,0.0
call later afternoon onword mtnl servic get problem south mumbai hear listen,0,0.0
yup anyth lor dun wan ok,0,0.0
ok lor msg call,0,0.0
pain urin thing els,0,0.0
mu like lt gt second,0,0.0
storm msg wen lift phne say knw wt real mean hello name knw dat girl margaret girlfrnd grahmbel invnt telphon moral one name person bt girlfrnd,0,0.0
safe trip nigeria wish happi soon compani share moment,0,0.0
back lem know readi,0,0.0
anyway mani good even,0,0.0
call meet,0,0.0
babe far spk da mo dead da wrld sleep da sofa day cool nytho tx fonin hon call im bk frmcloud,0,0.0
alway look excus citi,0,0.0
guy bitch act like interest buy someth els next week gave us free,0,0.0
check error difficulti correct,0,0.0
ooooooh forgot tell get yovil phone,0,0.0
sorri call later,0,0.0
anyth lor juz us lor,0,0.0
watch lotr si di aft wan meet dinner nite,0,0.0
urgent pleas call landlin abta complimentari tenerif holiday cash await collect sae cs box ppm,1,1.0
ye pleas leav lt gt lt gt leav,0,0.0
aight chillin friend room text way,0,0.0
wonder world ur style ur smile ur person ur natur ur sm love good morn dear,0,0.0
free sat rite wan watch infern affair wif darren mayb xy,0,0.0
sorri im stil fuck last nite went tobe got work,0,0.0
ok,0,0.0
fine happi amp,0,0.0
leav around four ok,0,0.0
nice talk pleas dont forget pix want see,0,0.0
ok care text drive,0,0.0
forc eat slice realli hungri tho suck mark get worri know sick turn pizza lol,0,0.0
urgent costa del sol holiday await collect call toclaim sae tc stockport,1,1.0
arr birthday today wish get oscar,0,0.0
hiya stu wot much trubl home moment evon hate even wot hell av done wont tell text bck pleas luv dan,0,0.0
yup paragon havent decid whether cut yet hee,0,0.0
well know mean text,0,0.0
probabl tomorrow even later tonight someth go,0,0.0
sure tri make xavier smoke want smoke told smoke much,0,0.0
privat account statement show point call identifi code expir,1,1.0
walk mom right stagwood pass right winterston left victor hill address lt gt,0,0.0
favour pl convey birthday wish nimya pl today birthday,0,0.0
beauti sleep help ur pimpl,0,0.0
cramp stop go back sleep,0,0.0
urgent week free membership prize jackpot txt word claim lccltd pobox,1,1.0
free rington wait collect simpli text password verifi get usher britney fml po box,1,1.0
thank babi cant wait tast real thing,0,0.0
attempt contract week top prize either cash prize call,1,1.0
work technic support voic field,0,0.0
onum ela normal,0,0.0
castor need see someth,0,0.0
meet lobbi,0,0.0
boy late home father,0,0.0
anyway go shop co si done yet dun disturb liao,0,0.0
yar lor keep rain non stop wan go elsewher,0,0.0
purchas stuff today mail po box number,0,0.0
romant pari night flight book next year call cs appli,1,1.0
caus freaki lol,0,0.0
winner special select receiv cash holiday flight inc speak live oper claim,1,1.0
account refil success inr lt decim gt keralacircl prepaid account balanc rs lt decim gt transact id kr lt gt,0,0.0
sorri uncl keep touch,0,0.0
hey tmr mayb meet yck,0,0.0
ugh wan na get bed warm,0,0.0
bull plan go float ikea without care world live mess anoth day,0,0.0
fp,0,0.0
reach alreadi,0,0.0
one interest may busi plan,0,0.0
say give call friend got money definit buy end week,0,0.0
hmmm mayb tri shoppin area one forgot name hotel,0,0.0
honestli made love cup tea promptli drop key burnt finger get,0,0.0
normal use drink water daili,0,0.0
height confid aeronaut professor wer calld amp wer askd sit aeroplan aftr sat wer told dat plane ws made student dey hurri bt didnt move said made student wont even start datz,0,0.0
wait yesterday,0,0.0
rofl true name,0,0.0
plan yet,0,0.0
neither sterm voic studi fine sure thing resolv tho anyway fab hol,0,0.0
gon na worri noth wo give money use,0,0.0
themob yo yo come new select hot download member get free click open next link sent ur fone,1,0.0
urgent tri contact last weekend draw show prize guarante call claim code valid,1,1.0
cant pick phone right pl send messag,0,0.0
wo believ true incred txt repli learn truli amaz thing blow mind,1,0.0
yeah probabl swing roommat finish girl,0,0.0
alreadi back home probabl,0,0.0
turn stereo love mi phone unknown album,0,0.0
tone club sub expir repli monoc mono polyc poli weekli per week txt stop stop msg free stream,1,1.0
tonight mate catch sleep new number way,0,0.0
find sitter kaitlyn sick slept day yesterday,0,0.0
well gon na finish bath good fine night,0,0.0
love give massag use lot babi oil fave posit,0,0.0
kind miss train co asthma attack nxt one half hr drive sure park,0,0.0
hello go villag pub either come accordingli ok,0,0.0
congrat year special cinema pass call suprman etc free dont miss,1,0.0
oki,0,0.0
later guess needa mcat studi,0,0.0
movi collect car oredi,0,0.0
absolut love south park recent start watch offic,0,0.0
great safe trip dont panic surrend,0,0.0
come whatev want,0,0.0
also maaaan miss,0,0.0
ye mani sweet,0,0.0
pattern recent crap weekend,0,0.0
cd congratul ur award cd gift voucher gift guarante freeentri wkli draw xt music tnc,1,1.0
ok lor reach messag,0,0.0
check head drop stuff,0,0.0
get dump heap mom decid come low bore,0,0.0
ok come pick engin,0,0.0
geeee miss alreadi know think fuck ca wait till next year togeth,0,0.0
still area restaur ill tri come back soon,0,0.0
never believ actual got taunton wow,0,0.0
aight close still around alex place,0,0.0
lt gt mca conform,0,0.0
word chess come persian phrase shah mean king good,0,0.0
lover need,0,0.0
compliment away system side,0,0.0
realli need kiss miss babi ur babi,0,0.0
thanx birthday alreadi,0,0.0
yep fine ice age,0,0.0
call right call hand phone,0,0.0
quit lor dun tell wait get complac,0,0.0
back bit long co accid divert via brilliant weekend thank speak soon lot love,0,0.0
much fifti,0,0.0
glad went well come plenti time clair goe work,0,0.0
sure stomach,0,0.0
call,0,0.0
import custom servic announc premier call freephon,1,1.0
babe goe day miss alreadi love love hope everyth goe well,0,0.0
big differ lt gt versu lt gt everi lt gt hr,0,0.0
told number,0,0.0
aight thank comin,0,0.0
love ya tri budget money better babe gari would freak knew,0,0.0
say explicitli told nora know someon probabl gon na bother,0,0.0
get opinion someth first,0,0.0
rct thnq adrian text rgd vatian,1,1.0
good stuff,0,0.0
take exam march,0,0.0
think disturb da,0,0.0
nah man car meant cram full peopl,0,0.0
adult content video shortli,1,1.0
hear,0,0.0
merri christma babe love ya,0,0.0
alway celebr ny famili,0,0.0
baaaaab misss youuuuu go teach class,0,0.0
free week nokia tone ur mob everi week txt nokia get txting tell ur mate pobox,1,1.0
say god love amp need clean heart ten special peopl amp miracl tomorrow pl pl,0,0.0
valu custom pleas advis follow recent review mob award bonu prize call,1,1.0
yup elabor safeti aspect,0,0.0
call,0,0.0
year mani mile,0,0.0
good even ttyl,0,0.0
wait insid da car park,0,0.0
omg make wed chapel frontiervil get good stuff,0,0.0
dont know support ass srt thnk think play usb,0,0.0
see prolli yeah,0,0.0
would great guild could meet bristol road somewher get touch weekend plan take flight good week,0,0.0
want pleas insid outsid bedroom,0,0.0
kent vale lor    wait ar,0,0.0
boy love grl hogolo boy gold chain kodstini grl agalla boy necklac madstini grl agalla boy hogli mutai eerulli kodthini grl love kano,0,0.0
mani compani tell languag,0,0.0
record indic mayb entitl pound compens accid claim free repli claim msg stop txt stop,1,1.0
home readi,0,0.0
hey compani elama po mudyadhu,0,0.0
hi move pub would great cud come,0,0.0
er mw im fill tuth aight,0,0.0
wat,0,0.0
garag key bookshelf,0,0.0
stayin troubl stranger saw dave day he   sort still bloke gona get girl mr ur mum still think get,0,0.0
say leh cours noth happen lar say romant ju bit lor thk nite sceneri nice leh,0,0.0
wait know wesley town bet hella drug,0,0.0
broke list reason nobodi town ca tell sarcast faggi,0,0.0
ok lar doubl check wif da hair dresser alreadi said wun cut short said cut look nice,0,0.0
finish class,0,0.0
certainli put thing perspect someth like happen,0,0.0
import custom servic announc call freephon,1,1.0
hope feel great pl fill abiola,0,0.0
import inform orang user today ur lucki day find log onto http fantast prizeawait,1,1.0
stay town,0,0.0
ye come nyc audiit tri reloc,0,0.0
goodmorn today late,0,0.0
ur current pound maxim ur send cash cc,1,1.0
eat old airport road oredi got lot pple,0,0.0
thank rington order refer number mobil charg tone arriv pleas call custom servic,1,1.0
got take take part wrc ralli oz lucozad energi text ralli le see pack itcould,1,0.0
ya referin mei ex wat ah waitin treat somebodi shld rich liao gd den dun work frm tmr onward,0,0.0
dear ok,0,0.0
yeh indian nice tho kane bit shud go drink sometim soon mite hav go da work laugh soon love pete,0,0.0
anyway serious hit back otherwis light armand alway shit vomit,0,0.0
hiya how go sunni africa hope avin good time give big old silver back big kiss,0,0.0
wat would like ur birthday,0,0.0
huh mean comput scienc like dat one push,0,0.0
call later network urgnt sm,0,0.0
ya tel wat ur,0,0.0
wan come come lor din stripe skirt,0,0.0
meet call later,0,0.0
oh great disturb talk,0,0.0
wan haf lunch da canteen,0,0.0
darl sister school resum minimum wait period reappli take care,0,0.0
anyth lor,0,0.0
tri someth dear read someth exam,0,0.0
ye thought thank,0,0.0
also rememb bead come ever,0,0.0
true sat pray even felt sm time,0,0.0
enjoy ur life good night,0,0.0
pl clarifi back open return ticket prepon go back kerala,0,0.0
shoot big load get readi,0,0.0
go ok na,0,0.0
sorri troubl buy dad big small sat sun thanx,0,0.0
hey elain today meet still,0,0.0
messag great doctor india drink appi fizz contain cancer caus age,0,0.0
haha yup hope lose kg mon hip hop go orchard weigh,0,0.0
ok,0,0.0
eek lot time especi sinc american pie like minut long ca stop sing,0,0.0
de look good,0,0.0
congratul thank good friend xma prize claim easi call per minut,1,1.0
ok lor soni ericsson salesman ask shuhui say quit gd use consid,0,0.0
yo guy ever figur much need alcohol jay tri figur much safe spend weed,0,0.0
sore throat scratch talk,0,0.0
slave want take pictur today bright light cell phone bright light,0,0.0
urgent mobil award bonu caller prize final tri contact call landlin,1,1.0
thank like well,0,0.0
come day class,0,0.0
sorri da thought call lot time lil call,0,0.0
hi darlin hope nice night wish come cant wait see love fran ps want dirti anal sex want man gang bang,0,0.0
yet like keep touch easiest way barcelona way ru hous,0,0.0
babe lost tri reboot,0,0.0
hi kindli give us back document submit loan stapati,0,0.0
lol come idea,0,0.0
girl wait recept ah,0,0.0
congrat mobil videophon call videochat wid ur mate play java game dload polyph music nolin rentl,1,1.0
one day crab run sea wave came clear footprint crab ask frnd clear beauti footprint wave repli fox follow ur footprint catch that clear frndsship never let dwn gud,0,0.0
serious tell exact word right,0,0.0
stop get ice cream go back,0,0.0
dont want hear anyth,0,0.0
romant,0,0.0
oh yeah forgot take shop,0,0.0
awak oh,0,0.0
good weekend,0,0.0
fine miss much,0,0.0
ticket walsal tue th march mate get sat ill pay treat want go txt bak,0,0.0
let know need anyth els salad desert someth mani beer shall get,0,0.0
today voda number end select receiv award match pleas call quot claim code standard rate app,1,1.0
polyphon tone ur mob everi week txt tone free get txtin tell ur friend repli hl,1,1.0
hi good thanku wish,0,0.0
watch surya movi pm vijay movi pokkiri,0,0.0
upload mine facebook,0,0.0
yup remb think book,0,0.0
work,0,0.0
go orchard lareadi reach soon reach,0,0.0
put sign choos number pin show right,0,0.0
like hotel dusk game think solv puzzl area thing,0,0.0
hi luci hubbi meetin day fri alon hotel fanci cumin pl leav msg luci,1,0.0
wn hurt prsn close fight wit dem coz somtim di fight save relat bt quiet leav nothin gud,0,0.0
know wot peopl wear shirt jumper hat belt know cribb,0,0.0
wot wed nite til,0,0.0
bruce amp fowler mom car ca park long stori,0,0.0
wait call,0,0.0
realli told kalli best cricket sachin world tough get,0,0.0
pleas ask mummi call father,0,0.0
oh yeah clearli fault,0,0.0
alright see bit,0,0.0
ill need sr model pl send mail id pa,0,0.0
good afternoon love job prospect miss lazi bleak hmmm happi fill love,0,0.0
half price orang line rental latest camera phone free phone call mobilesdirect free updat,1,1.0
hang brother famili,0,0.0
phone weirdest auto correct,0,0.0
stop old man get build snowman snow angel snowbal fight,0,0.0
stop club tone repli see html term club tone cost mfl po box,1,1.0
like would jerk,0,0.0
hi babi ive got back work want see allday hope didnt piss phone today give call xxx,0,0.0
still havent got urself jacket ah,0,0.0
guess first time creat web page read wrote wait opinion want friend,1,0.0
ard like dat lor juz meet mrt station dun haf come,0,0.0
insid fill know leav,0,0.0
kalli dismissi test,0,0.0
bruce down amp fletcher,0,0.0
naughti littl thought better flirt flirt flirt rather love someon gettin hurt hurt hurt gud nyt,0,0.0
guess could good excus lol,0,0.0
win year suppli cd store ur choic worth enter weekli draw txt music ts cs,1,1.0
pleas attend phone,0,0.0
guy flash go call call madam take care oh,0,0.0
ye repli mail go manag offic later plu bank later wednesday,0,0.0
camera quit good pixel doom love holiday safe hope hav good journey happi new year see coupl week,0,0.0
yar quit clever aft mani guess lor got ask bring thk darren will go aiya thk leona still attach wat,0,0.0
never tri alon take weight tear come ur heart fall ur eye alway rememb stupid friend share bslvyl,0,0.0
import custom servic announc premier,1,1.0
possibl,0,0.0
yay better told girl either,0,0.0
new mobil must go txt nokia collect today txtauction,1,1.0
sorri mail,0,0.0
luv soo much don  t understand special ring luv xxx,0,0.0
rofl betta invest anti age product,0,0.0
noe ben go,0,0.0
lol yep yesterday alreadi got fireplac anoth icon sit,0,0.0
also dont msg repli,0,0.0
gorgeou keep pix cum thank,0,0.0
much blackberri nigeria,0,0.0
intrepid duo great time see soon,0,0.0
free video camera phone half price line rental mth cross ntwk min txt call,1,1.0
sleep bag blanket paper phone detail anyth els,0,0.0
good need done ye pleas tell number could ring,0,0.0
final came fix ceil,0,0.0
hi ibh custom loyalti offer new mobil txtauction txt word start get,1,1.0
even dont get troubl tel twice tel neglect msg dont read dont repli,0,0.0
night end anoth day morn come special way may smile like sunni ray leav worri blue blue bay gud mrng,0,0.0
start search get job great potenti talent,0,0.0
xy go lunch,0,0.0
room,0,0.0
win year suppli cd store ur choic worth enter weekli draw txt music ts cs,1,1.0
pop lt gt ibuprofen help,0,0.0
aunti huai juan never pick phone,0,0.0
know stubborn even want go hospit kept tell mark weak sucker hospit weak sucker,0,0.0
posibl dnt live lt gt centuri cm frwd thnk differ,0,0.0
enter cabin pa said happi boss felt special askd lunch lunch invit apart went,0,0.0
got take take part wrc ralli oz lucozad energi text ralli le see pack itcould,1,0.0
hi hope get hasnt gd min late think,0,0.0
hold,0,0.0
hello peach cake tast lush,0,0.0
ha know either clever simpl thing pear day perfect christma,0,0.0
win winner foley ipod excit prize soon keep eye ur mobil visit,1,1.0
winner ave special select receiv cash holiday flight inc speak live oper claim,1,1.0
amaz rearrang letter give mean dormitori dirti room astronom moon starer eye see elect result lie let recount woman hitler eleven plu two plu one amaz,0,0.0
urgent ur award complimentari trip eurodisinc trav aco claim txt di morefrmmob shracomorsglsuplt,1,1.0
project fren lor,0,0.0
tomorrow go theatr come wherev call tell come tomorrow,0,0.0
ok lor,0,0.0
train tomorrow,0,0.0
piss talk someon realis point read backward,0,0.0
sm servic inclus text credit pl goto unsubscrib stop extra charg help,1,1.0
today vodafon number end select receiv award number match call receiv award,1,1.0
messag sent askin lt gt dollar shoul pay lt gt lt gt,0,0.0
orang custom may claim free camera phone upgrad loyalti call offer end appli availa,1,1.0
privat account statement xxxxxx show point call identifi code expir,1,1.0
sir need velusami sir date birth compani bank facil detail,0,0.0
spend day wait ideal path appear front forget made goodnight,0,0.0
freemsg feelin kinda lnli hope like keep compani jst got cam mobi wan na pic txt repli date hlp stop,1,1.0
babe need advic,0,0.0
bugi oso near wat,0,0.0
hey around got enough half ten owe,0,0.0
yeah go bore depress sittin waitin phone ring hope wind drop though scari,0,0.0
per request alaipayuth set callertun caller press copi friend callertun,0,0.0
ok thanx,0,0.0
boooo alway work quit,0,0.0
ok,0,0.0
new theori argument win situat lose person dont argu ur friend kick amp say alway correct,0,0.0
urgent mobil award bonu caller prize attempt contact call,1,1.0
sorri call later,0,0.0
honeybe said sweetest god laugh amp said havnt met person read moral even god crack joke,0,0.0
go chase run cross street,0,0.0
got divorc lol,0,0.0
lol know dramat school alreadi close tomorrow appar ca drive inch snow suppos get,0,0.0
think actual talk call boss morn went place last year told could go get car fix cheaper kept tell today much hope would come back alway regret get number etc,0,0.0
marvel mobil play offici ultim game ur mobil right text spider game send free wallpap,1,1.0
hot live fantasi call per min ntt ltd po box croydon,1,1.0
si si think ill go make oreo truffl,0,0.0
way offic,0,0.0
went attend anoth two round still reach,0,0.0
tyler get leav long get like hour,0,0.0
sent wife text buy tell relax go get wkend,0,0.0
ok problem get taxi ing tomorrow tuesday tuesday think go cinema,0,0.0
say fantast chanc anyth need bigger life lift lose live think would first person die,0,0.0
mathew tait edward anderson,0,0.0
oh god found number glad text back xafter msg cst std ntwk chg,1,0.0
hi probabl much fun get messag thought id txt co im bore jame fart night,0,0.0
good trip watch rememb get back must decid easter,0,0.0
oh ya got hip hop open haha think go jazz zoom cine actual tonight free leh kb lesson tonight,0,0.0
got lazi type forgot lect saw pouch like nice,0,0.0
either way work lt gt year old hope doesnt bother,0,0.0
chang one next escal,0,0.0
wors use half way stop better complet,0,0.0
well weather cali great complex great need car move freeli tax outrag great place sad part miss home,0,0.0
come din yup cut hair,0,0.0
keep payasam rinu bring,0,0.0
think chuckin ur red green black trainner save carryin bac train,0,0.0
way,0,0.0
opinion jada kusruthi lovabl silent spl charact matur stylish simpl pl,0,0.0
talk other probabl come earli tomorrow,0,0.0
tund wish great day abiola,0,0.0
depend would like treat,0,0.0
nice day dear,0,0.0
sorri call later,0,0.0
sorri call later,0,0.0
velli good ye pleas,0,0.0
promot number ur award citi break could win summer shop spree everi wk txt store skilgm,1,1.0
give plu said grinul greet whenev speak,0,0.0
sometim heart remembr someon much forget someon soon bcoz heart like everyon like one rememb everytim bslvyl,0,0.0
cool breez bright sun fresh flower twitter bird wait wish amp nice,0,0.0
shall call dear food,0,0.0
weekli tone readi download week new tone includ crazi black info,1,1.0
oh god almost home,0,0.0
issu right ill fix tomorrow,0,0.0
get anywher damn job hunt,0,0.0
wat,0,0.0
call number avail appoint ask connect call wahe fathima,0,0.0
msg ju said thank gift,0,0.0
hey sat go intro pilat kickbox,0,0.0
fwiw reason around time smoke ga afford around someon tell appar happen somebodi want light,0,0.0
real babi want bring inner tigress,0,0.0
ok enjoy ur show,0,0.0
ok said got wisdom teeth hidden insid mayb need remov,0,0.0
love want flood pretti pussi cum,0,0.0
felt convey ese,0,0.0
home vl nice meet,0,0.0
collect valentin weekend pari inc flight hotel prize guarante text pari,1,1.0
dont want hear philosophi say happen,0,0.0
urgent import inform user today lucki day find log onto http fantast surpris await,1,1.0
takin linear algebra today,0,0.0
call,0,0.0
wait call sir,0,0.0
told accentur confirm true,0,0.0
hello boytoy made home constant thought love hope nice visit ca wait till come home,0,0.0
aight pick open tonight,0,0.0
mum sent mani mani messag sinc got want know actual get enjoy rest day,0,0.0
select stay top british hotel noth holiday valu dial claim nation rate call,1,1.0
dnt worri use ice piec cloth take tablet,0,0.0
special select receiv pound award call line close cost cs appli ag promo,1,1.0
nice pub near franki benni near warner cinema,0,0.0
forward free entri weekli comp send word enter,1,1.0
sorri unsubscrib yet mob offer packag min term week pl resubmit request expiri repli themob help info,1,1.0
shuhui say chang suntec steamboat noe,0,0.0
bishan lei tot say lavend,0,0.0
bishan lar nearer need buy earli co buy got ta park car,0,0.0
come home dinner,0,0.0
ok,0,0.0
aight sorri take ten year shower plan,0,0.0
nope,0,0.0
pleas leav tell,0,0.0
fyi ride earli tomorrow morn crash place tonight,0,0.0
haha money leh later got go tuition haha look empti slot drive lesson,0,0.0
sac score big set batsman,0,0.0
happend,0,0.0
plan manag,0,0.0
dunno lei thk mum lazi go neva ask yet,0,0.0
readi big day tomorrow,0,0.0
oh ok didnt know meant yep babi jontin,0,0.0
ur hmv quiz current maxim ur send,1,1.0
ye princess want catch big strong hand,0,0.0
leav yet ok lor go elsewher eat thk,0,0.0
ye one woman man pleas tell like dislik bed,0,0.0
congratul week competit draw prize claim call sm,1,1.0
oh well later,0,0.0
telli brdget jone,0,0.0
want kiss feel next,0,0.0
arun transfr amt,0,0.0
favor pl convey birthday wish dnt forget today birthday shija,0,0.0
lousi run alreadi come back half dead hee,0,0.0
er yeah sorri tell sit come wen,0,0.0
go lt gt bu,0,0.0
mode men left,0,0.0
alway braini one,0,0.0
guy car shop flirt got phone number paperwork call text nervou cours may address call boss tell know may get fire,0,0.0
jolli good way give ticket sat eve speak,0,0.0
fuck juswok bed boatin dock slept wid year old spinout giv da gossip,0,0.0
haha thinkin,0,0.0
still havent collect dough pl let know go place sent get control number,0,0.0
ur award citi break could win summer shop spree everi wk txt store skilgm,1,1.0
flippin shit yet,0,0.0
make fb list,0,0.0
dear reach room,0,0.0
dorothi bank granit issu explos pick member nasdaq symbol cdgt,1,1.0
go home first lar wait put stuff,0,0.0
brainless babi vehicl sariyag drive madok,0,0.0
oh love soooo good hear omg miss much today sorri problem provid thank tming,0,0.0
enjoy jamster videosound gold club credit new get fun help call,1,1.0
dog must alway wait till end day word run time cell alreadi,0,0.0
pandi join technolog got,0,0.0
free entri wkli comp chanc win latest nokia psp cash everi great,1,1.0
laugh realli talk dont care other probabl dear amp best goodeven,0,0.0
sorri meet call later,0,0.0
daddi bb,0,0.0
text finish long time ago shower,0,0.0
site simul test give tough question test readi,0,0.0
yeah confirm stay weekend,0,0.0
dun believ wat,0,0.0
happen dear silent tens,0,0.0
gal boy walk park hold ur hand think would run away jst wana feel walk heaven,0,0.0
tmr timin still da wat co got lesson,0,0.0
good morn im suffer fever dysentri abl come offic today,0,0.0
hi darlin ive got back realli nice night thank much lift see tomorrow xxx,0,0.0
forgot take year shower sorri phone dead yet,0,0.0
hurt teas make cri end life die plz keep one rose grave say stupid miss nice day bslvyl,0,0.0
cant pick phone right pl send messag,0,0.0
ladi first genu second,0,0.0
want grasp pretti booti,0,0.0
lol wtf random btw lunch break,0,0.0
want go perumbavoor,0,0.0
sorri ur msg yar lor poor thing one night tmr brand new room sleep,0,0.0
inform ikea spell cap yell thought left sit bed among mess came said go got home class pleas tri bullshit make want listen less,0,0.0
busi juz dun wan go,0,0.0
okay seen pick friday,0,0.0
huh dinner outsid izzit,0,0.0
msg time silent say think right also make think least moment gd drm shesil,0,0.0
alway make thing bigger,0,0.0
somebodi go andro steal ice,0,0.0
wake lt gt morn,0,0.0
tell friend plan valentin day lt url gt,0,0.0
alrit,0,0.0
sit ard noth lor leh busi work,0,0.0
boo way mom make tortilla soup yummmm,0,0.0
guess pub im im happi pig clover whatev say,0,0.0
greet consid excus,0,0.0
dad want talk apart got late start omw,0,0.0
headin toward busetop,0,0.0
oper lt gt,0,0.0
new theori argument win situat lose person dont argu ur friend kick amp say alway correct,0,0.0
forgot ask card da present lei    want write smth sign,0,0.0
babe love face,0,0.0
doesnt make sens take unless free need know,0,0.0
hello damn christma thing think decid keep doesnt work,0,0.0
woke yeesh late fall asleep til lt gt,0,0.0
free messag activ free text messag repli messag word free term condit visit,1,1.0
wen finish fanci meetin wiv tonit need break dabook hr last today wrk,0,0.0
yup comin,0,0.0
thank tesco quit nice gone speak soon,0,0.0
back thank,0,0.0
sunshin hol claim ur med holiday send stamp self address envelop drink us uk po box bray wicklow eir quiz start saturday unsub stop,1,1.0
ye watch footi worri go blow phil nevil,0,0.0
money issu weigh thank breath easier make sure dont regret thank,0,0.0
sure drive reach destin soon,0,0.0
idk sit stop shop park lot right bawl eye feel like failur everyth nobodi want feel like fail,0,0.0
take part mobil survey yesterday text use howev wish get txt send txt,1,1.0
respond imma assum still asleep imma start call shit,0,0.0
mm ask come enough,0,0.0
sorri call later,0,0.0
date servic cal,1,1.0
ride equal unev mani peski cyclist around time night,0,0.0
oi ami parchi na kicchu kaaj kort iccha korch na phone ta tul na plz plz,0,0.0
so amount get pl,0,0.0
doubl min txt orang price linerent motorola sonyericsson free call,1,1.0
medic mission nigeria,0,0.0
small problem auction punj ask tiwari,0,0.0
thk dun haf hint forum alreadi lor co told ron darren go tell shuhui,0,0.0
use foreign stamp countri,0,0.0
aight still want get money,0,0.0
shame mayb cld meet hr tomo,0,0.0
much close heart go away shatter plz stay,0,0.0
haha get use drive usf man know lot stoner,0,0.0
press confer da,0,0.0
hi im relax time ever get everi day parti good night get home tomorrow,0,0.0
guarante cash prize claim yr prize call custom servic repres cost,1,1.0
pop ask bout someth said around tonght wen girl come,0,0.0
sir wait call free pleas call,0,0.0
wan na art,0,0.0
come nordstrom done,0,0.0
wish thing differ wonder abl show much valu pl continu brisk walk drug without askin pleas find thing laugh love dearli,0,0.0
freemsg today day readi horni live town love sex fun game netcollex ltd per msg repli stop end,1,1.0
feb lt gt love day send di ur valu evn come back gt marri person luv ignor di lose ur luv evr,0,0.0
anytim lor,0,0.0
cool text park,0,0.0
ye princess go make moan,0,0.0
say god love amp need clean heart ten special peopl amp miracl tomorrow pl pl,0,0.0
much though friday cant wait dunno wot hell im gon na anoth week becom oh wait alreadi done,0,0.0
dear call accomod,0,0.0
yo around friend mine lookin pick later tonight,0,0.0
think da wil,0,0.0
hey congrat id luv ive go home,0,0.0
lt gt saw day ago guy want sell wifi lt gt lt gt blank,0,0.0
pleas call custom servic repres freephon guarante cash prize,1,1.0
aight sound good want come,0,0.0
noth wen get life everyth wen miss someth real valu peopl wil realiz absenc gud mrng,0,0.0
congratul ur award cd voucher guarante free entri wkli draw txt music tnc,1,1.0
tire slept well past night,0,0.0
still around look pick later,0,0.0
way home long dri spell season would,0,0.0
love work home,0,0.0
messag free welcom new improv sex dog club unsubscrib servic repli stop msg,1,1.0
sir late pay rent past month pay lt gt charg felt would inconsider nag someth give great cost didnt speak howev recess wont abl pay charg month henc askin well ahead month end pleas help thank,0,0.0
cinema plu drink appeal tomo fr thriller director like mac,0,0.0
tmrw im finish door,0,0.0
earli bird purchas yet,0,0.0
found way get anoth app phone eh go net cafe take job geeee need babe crave see,0,0.0
know god creat gap one made come amp fill gap hold hand,0,0.0
ryder gibb,0,0.0
dear free messag without recharg hi hi hi,0,0.0
yeah see,0,0.0
batteri mr adewal uncl aka egbon,0,0.0
freemsg hey darl week word back like fun still tb ok xxx std chg send rcv,1,1.0
nowher ikno doesdiscount,0,0.0
winner valu network custom select receivea prize reward claim call claim code valid hour,1,1.0
today offer claim ur worth discount voucher text ye savamob member offer mobil cs sub unsub repli,1,1.0
urgent pleas call landlin cash luxuri canari island holiday await collect cs sae award,1,1.0
anoth month need chocol weed alcohol,0,0.0
knew time murder exactli,0,0.0
kaiez enjoy ur tuition gee thk second option sound beta go yan jiu den msg,0,0.0
come round,0,0.0
got person stori,0,0.0
wine flow,0,0.0
tomarrow final hear laptop case cant,0,0.0
happen wat want come ill get medic insur abl deliv basic care current shop right medic insur give til friday morn that see major person guid right insur,0,0.0
god love limit god grace measur god power boundari may god endless bless alway ur life gud,0,0.0
hey rite put evey mnth,0,0.0
like person size,0,0.0
got money da,0,0.0
hey want anyth buy,0,0.0
want bold bb torch,0,0.0
ju finish bath,0,0.0
friend want drive em someplac probabl take,0,0.0
fear faint housework quick cuppa,0,0.0
pl give prometazin syrup lt gt min later feed,0,0.0
long beach lor expect dinner,0,0.0
thank say happi onam fine rememb met insur qatar insha ex tata aig join tissco tayseer,0,0.0
want new video anytim network min text five pound per week call repli deliveri tomorrow,1,1.0
nice line said broken plz cum time infront wise trust good,0,0.0
awesom text restock,0,0.0
one good partnership go take lead,0,0.0
even good somewhat event laden fill worri head ok throat wreck see six,0,0.0
ugh long day exhaust want cuddl take nap,0,0.0
usf guess might well take car,0,0.0
wait lt gt,0,0.0
sent price mean lt gt,0,0.0
bore housew chat date rate landlin,1,1.0
also,0,0.0
come tomorrow di,0,0.0
like think alway possibl pub later,0,0.0
yar lor noe use dat rout,0,0.0
possibl,0,0.0
oh take test,0,0.0
da intro cover energi trend pro con brief descript nuclear fusion oso brief histori iter jet got abt half,0,0.0
ur paper,0,0.0
oh ho first time use type word,0,0.0
want get laid tonight want real dog locat sent direct ur mob join uk largest dog network txting moan,1,1.0
stitch trouser,0,0.0
sure consent form,0,0.0
smile pleasur smile pain smile troubl pour like rain smile hurt smile becoz someon still love see smile,0,0.0
loosu go hospit de dont let careless,0,0.0
ok anybodi ask abt tel,0,0.0
see,0,0.0
god creat gap btwn ur finger dat vri special fill gap hold ur plz dont ask creat much gap leg,0,0.0
today vodafon number end last four digit select receiv award number match pleas call claim award,1,1.0
poor girl ca go one day lmao,0,0.0
clair havin borin time alon wan na cum chat hope luv clair xx,1,1.0
place want da,0,0.0
hurri home soup done,0,0.0
alway yahoo messeng send messag get may send mobil mode sha get repli,0,0.0
dear voucher holder next meal us use follow link pc enjoy dine experiencehttp,1,1.0
dont let studi stress,0,0.0
oh half hour much longer syria canada eh wow must get much work done day us extra time,0,0.0
join today keep talk later,0,0.0
dont thnk wrong call us,0,0.0
ju reach home go bath first si use net tell finish,0,0.0
hope know still mad,0,0.0
gettin bit arti collag mo well tryin ne way got roast min love shall enjoy,0,0.0
let snow let snow kind weather bring ppl togeth friendship grow,0,0.0
avatar suppos subtoitl,0,0.0
love night xxx,0,0.0
sure thing big man hockey elect go longer hour though,0,0.0
yo yo yo byatch whassup,0,0.0
text way,0,0.0
part check iq,0,0.0
chk ur belovd ms dict,0,0.0
stop bootydeli invit friend repli see stop send stop frnd,1,1.0
xma new year eve ticket sale club day till thur fri sat night week sell fast,1,0.0
meh thgt clash realli ah dun mind dun seen lost weight gee,0,0.0
sorri ca help,0,0.0
thought could go dinner treat seem ok,0,0.0
hi mom might back later lt gt,0,0.0
pl send correct name da,0,0.0
happen behav like,0,0.0
welp appar retir,0,0.0
think spatula hand,0,0.0
nite,0,0.0
arngd marriag walkin unfortuntli snake bite bt love marriag danc frnt snake amp sayin bite bite,0,0.0
free unlimit hardcor porn direct mobil txt porn get free access hr chrgd per day txt stop msg free,1,1.0
coffe cake guess,0,0.0
urgent landlin complimentari ibiza holiday cash await collect sae cs po box,1,1.0
yo dude guess got arrest day,0,0.0
lol snatch purs,0,0.0
oooh got plenti,0,0.0
ok knacker came home went sleep good full time work lark,0,0.0
sure yet still tri get hold,0,0.0
yeah tri scroung someth,0,0.0
hard believ thing like say lie think twice say anyth,0,0.0
im gonnamissu much would say il send postcard butther abouta much chanc merememberin asther ofsi breakin contract luv yaxx,0,0.0
know mood today,0,0.0
watch tv got new job,0,0.0
yeah give call got minut,0,0.0
hmmm mani player select,0,0.0
exam februari wish great day,0,0.0
guess somebodi know secretli fanci wan na find give us call landlin,1,0.0
natalja invit friend repli see stop send stop frnd,1,1.0
aiyah ok alreadi lar nydc wheellock,0,0.0
free ring tone text everi week get new tone,1,1.0
yeah bare enough room two us mani fuck shoe sorri man see later,0,0.0
shall send exe mail id,0,0.0
goodnight da thangam realli miss dear,0,0.0
send logo ur lover name join heart txt love mobno eg love adam eve yahoo txtno ad,1,1.0
sure check happen around area,0,0.0
hurri home big butt hang last caller food done starv ask cook,0,0.0
nt joke serious told,0,0.0
today workin free oso gee thgt workin ur fren shop,0,0.0
sign matur start say big actual start understand small thing nice bslvyl,0,0.0
yup lunch buffet eat alreadi,0,0.0
men like shorter ladi gaze eye,0,0.0
enufcredeit ileav uni bu yor hous,0,0.0
xclusiv clubsaisai soire special zouk nichol rose ladi info,1,0.0
wyli updat weed dealer carlo went freedom class lunsford,0,0.0
show wot say could dust,0,0.0
vl bcum,0,0.0
hi hun im comin im sorri hope ava goodtim oli rang melnit ifink mite sort il explain everythin,0,0.0
knock knock txt whose enter weekli draw gift voucher store yr choic cs,1,1.0
want cock hubbi away need real man satisfi txt wife string action txt stop end txt rec otbox,1,1.0
sent type food like,0,0.0
great princess love give receiv oral doggi style fave posit enjoy make love lt gt time per night,0,0.0
boo time get suppos take shop today,0,0.0
costa del sol holiday await collect call toclaim sae tc stockport,1,1.0
lol forgot eh ye bring babe,0,0.0
hope text meet smile let text give reason smile beauti day,0,0.0
aight rush ask jay,0,0.0
lt gt oh send home sale,0,0.0
sure ca take sick time,0,0.0
take someth pain move howev side next see doctor,0,0.0
true easier,0,0.0
ya well bbd pooja full becom quit ur rite cold wear,0,0.0
hate turn fun shop trip annoy day everyth would look hous,0,0.0
hot live fantasi call per min ntt ltd po box croydon nation rate call,1,1.0
lol ye friendship hang thread caus wo buy stuff,0,0.0
well boy glad wast night applebe noth,0,0.0
suck go hair free right,0,0.0
ok come ur home half hour,0,0.0
taxt massag argh ok lool,0,0.0
great church holla get,0,0.0
dont file work call tell find anyth room,0,0.0
call,0,0.0
urgent tri contact today draw show prize guarante call land line claim valid,1,1.0
hey veggi pizza,0,0.0
jane babe goin wrk feel ill lst nite fone alreadi cover chuck,0,0.0
need lar ju test phone card dunno network gd thk wait si finish bath bath dun disturb liao clean ur room,0,0.0
wat time wan meet later,0,0.0
anyth lor decid,0,0.0
cheer messag zogtoriu i  v stare phone age decid whether text,0,0.0
fine that   way feel that   way gota,0,0.0
sorri sent blank msg yup tri seriou studi,0,0.0
need come home give good lovin,0,0.0
solv case man found murder lt decim gt lt gt afternoon wife call polic polic question everyon wife sir sleep murder took place cook pick veget went post offic went play went marriag polic arrest murder immedi repli reason brilliant,0,0.0
tell rob mack gf theater,0,0.0
regist subscrib yr draw gift voucher enter receipt correct an next olymp txt an,1,1.0
wait bu stop,0,0.0
guess useless call someth import,0,0.0
wot bitch,0,0.0
ca believ attach see everi day know best get babe go teach class midnight,0,0.0
drive lor,0,0.0
hungri,0,0.0
dont talk ever ok word,0,0.0
special,0,0.0
thank honey still heard anyth leav bit longer crowd tri later great advic thank hope cardiff still,0,0.0
noth get msg di name wit differ,0,0.0
ok lor ned go toa payoh return smth wan send wat,0,0.0
mark work tomorrow get work hous meet afterward,0,0.0
wonder world ur style ur smile ur person ur natur ur sm love good morn dear,0,0.0
xma stori xma msg xma miracl hav bless month ahead amp wish merri xma,0,0.0
good night go sleep,0,0.0
kindli send one flat lt decim gt today,0,0.0
free rington text first poli text get true tone help free tone txt stop,1,1.0
yup still coffe wif fren fren drove give lift,0,0.0
wont tri sort hous ok,0,0.0
hey inconveni si huh,0,0.0
fret buy ovul test strip send wont get til like march send postal,0,0.0
thank talk saturday dear cherish brother role model,0,0.0
awesom deal gate charl told last night uh yeah,0,0.0
look fuckin time fuck think,0,0.0
urgent mobil number award prize guarante call land line claim valid,1,1.0
xma stori xma msg xma miracl hav bless month ahead amp wish merri xma,0,0.0
watch ajith film ah,0,0.0
thank lot wish birthday thank make birthday truli memor,0,0.0
aiyo co sm neva repli wait repli lar tot havent finish ur lab wat,0,0.0
oop let know roommat done,0,0.0
tell address,0,0.0
probabl around mu lot,0,0.0
monthli amount terribl pay anyth till finish school,0,0.0
buy space invad chanc win orig arcad game consol press game arcad std wap charg see term set purchas,1,1.0
speak cash yet,0,0.0
sorri call later,0,0.0
yep pretti sculptur,0,0.0
put stuff road keep get slipperi,0,0.0
hi darlin kate doin somethin tonight im go pub call swan someth parent one drink phone,0,0.0
tough,0,0.0
common hearin wat ur day let ask someth differ smile today gud evng,0,0.0
near kalainar tv,0,0.0
advanc happi pongal,0,0.0
wait lor need feel bad lar,0,0.0
like di sweater fr mango size alreadi irrit,0,0.0
jay snicker tell total fuck chord speak,0,0.0
mean got epi fine,0,0.0
loverboy keep come queen hmmm ach speak miss despar,0,0.0
convey regard,0,0.0
haha got fast lose weight thk muz go month den got effect gee later go aust put bk weight,0,0.0
link pictur sent also use http,1,0.0
burger king wan na play footi top stadium get burger king sept go larg super walk winner,1,0.0
okay thought expert,0,0.0
think go finn come,0,0.0
okay book alreadi includ one bugi,0,0.0
hai dear friend new amp present rajitha raj ranju,0,0.0
also da feel yesterday night wait til night dear,0,0.0
howz person stori,0,0.0
much ur hdd case cost,0,0.0
hey doc pl want get nice shirt hubbi nice fite one budget lt gt help pl load card abi hw keep post luv mj,0,0.0
get readi lt gt inch pleasur,0,0.0
otherwis part time job,0,0.0
hai ana tomarrow come morn lt decim gt ill sathi go rto offic repli came home,0,0.0
think rule tough peopl,0,0.0
mind tsunami occur rajnik stop swim indian,0,0.0
tiim let hug break tear,0,0.0
monthli password wap use wap phone pc,1,0.0
pick,0,0.0
get second half messag,0,0.0
give sec think think,0,0.0
fyi gon na call sporad start like lt gt bc doin shit,0,0.0
hmm ok stay like hour co eye realli sore,0,0.0
go today meet,0,0.0
lol enjoy role play much,0,0.0
meet ur dream partner soon ur career flyng start find free txt horo follow ur star sign horo ari,1,1.0
ga station go,0,0.0
ok ya,0,0.0
yeah wors,0,0.0
actual delet old blog,0,0.0
give time walk,0,0.0
hi jon pete ive bin spain recent hav sum dinero left bill said ur   rent mayb interest hav around tb jame,0,0.0
thanx lot,0,0.0
ok ok take care understand,0,0.0
discount code stop messag repli stop custom servic,1,1.0
danc river,0,0.0
ok,0,0.0
good need drug,0,0.0
ur paper today morn aft,0,0.0
test earlier appreci call tomorrow,0,0.0
gentl babi soon take lt gt inch deep insid tight pussi,0,0.0
wat time liao still got,0,0.0
stuck da middl da row da right hand side da lt,0,0.0
cost,1,1.0
subscrib best mobil content servic uk per day send stop helplin,1,1.0
well done costa del sol holiday await collect call toclaim sae tc stockport,1,1.0
hmm bit piec lol,0,0.0
kit strip bill netcollex po box oja,1,1.0
mani ericson also lt gt luk good bt forgot modl,0,0.0
hiya sorri hav signal seen heard neither unusu put case get sort hug snog,0,0.0
probabl money worri thing come due sever outstand invoic work two three month ago,0,0.0
good morn love go sleep wish great day full feel better opportun last thought babe love,0,0.0
text pass collect polyphon rington normal gpr charg appli enjoy tone,1,1.0
went ganesh dress shop,0,0.0
normal,0,0.0
pleas inform applic airtel broadband process success instal happen within day,0,0.0
ye appt,0,0.0
welcom select servic ad benefit call special train advisor free mobil diall,1,1.0
lyricalladi invit friend repli see stop send stop frnd,1,1.0
co daddi arrang time wat time fetch mah,0,0.0
let ur heart ur compass ur mind ur map ur soul ur guid never loos world sent via,0,0.0
hiya like hlday pic look horribl took mo how camp amrca thing speak soon serena,0,0.0
whatev juliana whatev want,0,0.0
forget tell want need crave love sweet arabian steed mmmmmm yummi,0,0.0
err cud go got way contact,0,0.0
okey dokey bit sort stuff,0,0.0
way stay oh,0,0.0
drinkin ok,0,0.0
escap theatr go watch kavalan minut,0,0.0
ok,0,0.0
ugh ca apolog admit wrong ask take back,0,0.0
babe said hour almost internet,0,0.0
remind download content alreadi paid goto http mymobi collect content,1,1.0
lol babe thank think,0,0.0
hot live fantasi call per min ntt ltd po box croydon nation rate call,1,1.0
nope meanwhil talk say make greet,0,0.0
dear reach railway happen,0,0.0
give kvb acc detail,0,0.0
think girl propos today se ur bloodi funki shit fuck face asssssholeee,0,0.0
dear case come cochin pl call bfore shall also reach tell day engag an holiday,0,0.0
email yifeng part get fr,0,0.0
ca make tonight,0,0.0
ye last week take live call,0,0.0
famili,0,0.0
aslamalaikkum allah tohar beeen muht albi mufti mahfuuz mean,0,0.0
ok good later come find lucki told go earlier later pple take finish,0,0.0
murder coz man murder lt gt th public holiday close includ post,0,0.0
go noth,0,0.0
wait till end march el nino get oh,0,0.0
gon na abl late notic home week anyway plan,0,0.0
rington club get uk singl chart mobil week choos top qualiti rington messag free charg,1,1.0
hear new come ken stuff,1,0.0
cool come like lt gt ish,0,0.0
thank bomb date phone want say,0,0.0
tell femal throw decid get,0,0.0
beauti truth read care heart feel light someon feel heavi someon leav goodmorn,0,0.0
even friend priest call,0,0.0
fran decid go way im complet broke knacker got bout love janx dad fone credit,0,0.0
date two start sent text talk sport radio last week connect think coincid,1,0.0
chang tat,0,0.0
call,0,0.0
kate love see tonight ill phone tomorrow got sing guy gave card,0,0.0
oop lt gt,0,0.0
day ask anand number,0,0.0
hey pick colleg tell wen love pete xx,0,0.0
nah im goin wrk wot bout,0,0.0
ya roast,0,0.0
wake long ago alreadi dunno thing,0,0.0
someon smoke everi time smoke last two week call text want smoke,0,0.0
releas vday shirt put make bottom half nake instead white underwear,0,0.0
want wish happi new year want talk legal advic gari split person make trip ptbo hope everyth good babe love ya,0,0.0
congratul ur award cd voucher guarante free entri wkli draw txt music tnc,1,1.0
tri contact repli offer video handset anytim network min unlimit text camcord repli call,1,1.0
macha dont feel assum one even wonder plan life begin anytim,0,0.0
would good phone tomo lunchtim shall organis someth,0,0.0
hey pay salari de lt gt,0,0.0
think far find check googl map place dorm,0,0.0
one slice one breadstick lol,0,0.0
dont knw pa drink,0,0.0
check,0,0.0
sorri didntgiv ya bellearli hunni bedbut mite go thepub uwana mt load luv,0,0.0
well littl time thing good time ahead,0,0.0
left yet probabl gon na til dinner,0,0.0
sorri call later,0,0.0
fyi back parent place south tampa might need deal somewher els,0,0.0
mu tri figur much money everyon ga alcohol jay tri figur weed budget,0,0.0
thk em find wtc far weiyi goin rest dunno yet ur goin dinner den might abl join,0,0.0
ya take ure practic lesson start,0,0.0
enter cabin pa said happi boss felt special askd lunch lunch invit apart went,0,0.0
still check da,0,0.0
phone,0,0.0
idea soon get convert live,0,0.0
thk sure got time hop ard ya go free abt muz call discuss liao,0,0.0
babe enjoyin yourjob seem gettin well hunni hope ure ok take care i  llspeak soonlot lovem,0,0.0
actual wait week start put ad,0,0.0
know need get hotel got invit apologis cali sweet come english bloke weddin,0,0.0
aiyah sorri lor watch tv watch forgot check phone,0,0.0
open rebtel firefox load put plu sign user name place show two number lower number number pick number pin display okay,0,0.0
babe got enough money pick bread milk give back get home,0,0.0
free msg rington http wml,1,1.0
ever green quot ever told jerri cartoon person irrit alway one love vri much fail express gud nyt,0,0.0
excel readi moan scream ecstasi,0,0.0
go buy wif meet later,0,0.0
prize go anoth custom polo ltd suit london pleas call back busi,1,1.0
today,0,0.0
beauti truth express face could seen everyon depress heart could understood love gud,0,0.0
tri contact respons offer new nokia fone camcord hit repli call deliveri,1,1.0
give sec break lt gt cstore,0,0.0
dai download exe file run exe instal,0,0.0
even da urgent,0,0.0
finish soon,0,0.0
lor,0,0.0
yup msg tat yiju tot group mate co meet today mah askin leav earlier wat mah co mayb haf walk far,0,0.0
told go got drunk,0,0.0
sleep nt feel well,0,0.0
fine difficulti phone work mine pl send anoth friend request,0,0.0
cant keep talk peopl sure pay agre price pl tell want realli buy much will pay,0,0.0
carlo take sweet time usual let know patti smoke tell haul ass,0,0.0
whenev see still hook,0,0.0
prob send email,0,0.0
donno gene someth,0,0.0
new textbuddi chat horni guy ur area free receiv search postcod txt one name,1,1.0
yup,0,0.0
neva tell noe home da aft wat,0,0.0
need drug anymor,0,0.0
lol boo hope laugh,0,0.0
decid yet eh,0,0.0
tri decid head,0,0.0
bookedth hut also time way,0,0.0
mummi boy good bad posit neg mummi made wait hmmmm,0,0.0
sac need carri,0,0.0
nt drive even mani reason call chikku hw abt dvg tht vinobanagar violenc hw hw ru problem,0,0.0
eat jap done oso aft ur lect wat    got lect rite,0,0.0
pl send comprehens mail pay much,0,0.0
ok,0,0.0
car hour half go apeshit,0,0.0
ic lotta childporn car,0,0.0
sorri earlier put around talk actual life lol,0,0.0
upgrdcentr orang custom may claim free camera phone upgrad loyalti call offer end juli appli avail,1,1.0
subscrib textcomp wkli comp wk free question follow subsequ wk charg unsubscrib txt stop custcar,1,1.0
wondar full flim,0,0.0
em olowoyey great time argentina sad secretari everyth bless,0,0.0
good morn repair shop reason hour,0,0.0
blank blank wat blank lol,0,0.0
network job,0,0.0
heard call rude chat privat line cum wan pic gettin shag text pix send stop sam xxx,1,1.0
love girl offic may wonder smile sore,0,0.0
ranjith cal drpd deeraj deepak hold,0,0.0
pick bout time go,0,0.0
crucifi told earlier,0,0.0
msg rajini come,0,0.0
dun need use dial juz open da browser surf,0,0.0
almost see sec,0,0.0
singl singl answer fight plu said broke didnt repli,0,0.0
haha yeah oz kind shitload,0,0.0
lol tri make day littl interest,0,0.0
thing quick question,0,0.0
dear mood cant drive brother drive,0,0.0
free give otherwis nalla adi entey nattil kittum,0,0.0
work go min,0,0.0
famou quot develop abil listen uncondit without lose temper self confid mean,0,0.0
ps ur grown right,0,0.0
dear invit xchat final attempt contact txt chat ldn yr,1,1.0
went fast asleep care,0,0.0
congrat nokia video camera phone call call cost ave call vari mobil close post ldn,1,1.0
good afternoon starshin boytoy crave yet ach fuck miss babe,0,0.0
hey thk juz go accordin wat discuss yest lor except kb sun co nt much lesson go attend kb sat,0,0.0
rodger burn msg tri call repli sm free nokia mobil free camcord pleas call deliveri tomorrow,1,1.0
anyth lor toa payoh got place walk meh,0,0.0
favour pl convey birthday wish nimya pl today birthday,0,0.0
mobil month entitl updat latest colour mobil camera free call mobil updat co free,1,1.0
think go reg pract flung haha wat time go,0,0.0
pain could come wors time,0,0.0
still work time also tri ad zero save check lt gt,0,0.0
sorri batteri die yeah,0,0.0
good luck draw take place feb good luck remov send stop custom servic,1,1.0
imposs argu alway treat like sub like never releas remind necessari,0,0.0
hi shanil rakhesh exchang uncut diamond back excel servic dino prem,0,1.0
dare ask luck sort car,0,0.0
hi chikku send nice msg,0,0.0
hi kate even hope see tomorrow bit bloodi babyjontet txt back xxx,0,0.0
career tel ad contact send free sm remov phonebook sm lt gt,0,0.0
forward pleas call immedi urgent messag wait,1,1.0
ye da plm ur offic,0,0.0
winner special select receiv cash award speak live oper claim call cost,1,1.0
mind ask happen dont say uncomfort,0,0.0
uk break accommodationvouch term condit appli claim mustprovid claim number,1,1.0
rememb hurt day satan impost pay price destini keep go said pray get mind get,0,0.0
ok prob,0,0.0
sorri im get feel realli total reject kinda thing,0,0.0
ok lor wan go look,0,0.0
send yetti number pl,0,0.0
welcom msg free give free call futur mg bill daili cancel send,1,1.0
oop mum somerset bit far back tomo see soon,0,0.0
togeth thinkin,0,0.0
actual sleep still might call back text rock si send text wen wake,0,0.0
sad stori man last week wife wish parent forgot kid went work even colleagu wish enter cabin pa said happi boss felt special askd lunch lunch invit apart went said mind go bedroom minut sed sexi mood came minut latr wid cake wife parent kidz friend colleagu surpris wait nake,0,0.0
win music gift voucher everi week start txt word draw tsc skillgam,1,1.0
pleas call immedi urgent messag wait,1,1.0
worri hope photo shoot went well spif fun workag,0,0.0
make lasagna vodka,0,0.0
home pleas call,0,0.0
how favourit person today workin hard could sleep last nite nearli rang,0,0.0
yup next stop,0,1.0
friend got say up order gram got lt gt get,0,0.0
take care,0,0.0
plz tell an bslvyl sent via,0,0.0
guai    shd haf seen naughti    free today go jog,0,0.0
puriti friendship two smile read forward smile see name gud evng musthu,0,0.0
town import,0,0.0
dont flatter tell man mine two pint carlin ten minut pleas,0,0.0
still otsid come,0,0.0
get ten billion call text help god,0,0.0
reckon need arrang transport ca thank,0,0.0
sorri call later meet,0,0.0
dont think need yellow card uk travel ask someon gone lt gt buck,0,0.0
quit late lar ard anyway wun drivin,0,0.0
super msg da nalla time,0,0.0
cud tell ppl im gona bit co buse hav gon past co full im still waitin pete,0,0.0
got salt rub open wound like,0,0.0
know know send chat let find rcvd ldn year,1,1.0
ok sweet dream,0,0.0
last chanc claim ur worth discount voucher today text shop savamob offer mobil cs savamob sub,1,1.0
sent lt gt buck,0,0.0
know friend alreadi told,0,0.0
sunshin quiz wkli win top soni dvd player know countri liverpool play mid week txt ansr sp tyron,1,1.0
sorri wont come drive,0,0.0
great escap fanci bridg need lager see tomo,0,0.0
cp caus outag conserv energi,0,0.0
cool like swim pool jacuzzi hous,0,0.0
dear voucher holder claim class airport loung pass use holiday voucher call book quot class,1,1.0
could ask carlo could get anybodi els chip,0,0.0
seem like weird time night want come smoke day shitstorm attribut alway come make everyon smoke,0,0.0
yahoo boy bring perf legal,0,0.0
hi birth mother babi brilliantli,0,0.0
yup thk oso bore wat,0,0.0
awesom see bit,0,0.0
wat da decis,0,0.0
like shock leh co tell shuhui like tell leona also like dat almost know liao got ask abt ur reaction lor,0,0.0
dear go rubber place,0,0.0
im reali soz imat mum,0,0.0
howz person stori,0,0.0
make fuck sake,0,0.0
make dinner,0,0.0
okay go sleep later,0,0.0
channel,0,0.0
workin overtim nigpun,0,0.0
home,0,0.0
let pool money togeth buy bunch lotto ticket win get lt gt get lt gt deal,0,0.0
wan na watch movi,0,0.0
see knew give break time woul lead alway want miss curfew gon na gibe one midnight movi gon na get til need come home need getsleep anyth need studdi ear train,0,0.0
alright omw got ta chang order,0,0.0
look da lib got stuff havent finish yet,0,0.0
ca take major role commun outreach rock mel,0,0.0
anyth specif regard jaklin idk fuck,0,0.0
still meet dinner tonight,0,0.0
joy father john john name joy father mandan,0,0.0
wow impress fun shop,0,0.0
usual take fifteen fuck minut respond ye question,0,0.0
mean come chase state watch mani movi want,0,0.0
took mr owl lick,0,0.0
last chanc claim ur worth discount voucher today text shop savamob offer mobil cs savamob sub,1,1.0
wot wan na missi,0,0.0
movi call wat,0,0.0
said anyth wrong sorri de,0,0.0
new voicemail pleas call,1,1.0
watch tv lor,0,0.0
meet darren,0,0.0
ho ho big belli laugh see ya tomo,0,0.0
haha dont angri take practic real thing,0,0.0
born god said anoth born god said oh knew one day two becom freind forev,0,0.0
oh realli make air talent,0,0.0
secret admir look make contact think ur,1,1.0
pass di ur contact see wat get red luv wid blue put smile face purpl reali hot pink swt orang thnk lyk green reali wana go wid yelow wnt bck black jealou brown miss nw plz giv one color,0,0.0
pl confirm time collect chequ,0,0.0
show ur colour euro offer get england flag tone ur phone click follow servic messag info,1,1.0
cold dont sad dear,0,0.0
never noth,0,0.0
ok lar sleep earli nite,0,0.0
well done england get offici poli rington colour flag yer mobil text tone flag txt eng stop,1,1.0
nationwid auto centr someth like newport road like,0,0.0
complet degre use join financ,0,0.0
offic na,0,0.0
guess somebodi know secretli fanci wan na find give us call landlin,1,0.0
also fine complet cours,0,0.0
knew time murder exactli,0,0.0
think chennai forgot come,0,0.0
noic text,0,1.0
put parti day week studi lightli think need draw custom checkbox know hardcor,0,0.0
reach ur home lt gt minut,0,0.0
hey still onlin finish format,0,0.0
didnt get anyth da,0,0.0
place get room cheap,0,0.0
start dont stop pray good idea anyth see help guy forward link,0,0.0
ok problem yup go sch rem correctli,0,0.0
win music gift voucher everi week start txt word draw tsc,1,1.0
hello yeah got bath need hair come done yeah,0,0.0
cutest girl world,0,0.0
happi advanc,0,0.0
nokia get win free auction take part send nokia,1,1.0
awww dat sweet think someth nice time tonight ill probabl txt later co im lone xxx,0,0.0
oz guy kinda flaki one friend interest pick lt gt worth tonight possibl,0,0.0
ye babi need stretch open pussi,0,0.0
want latest video handset anytim network min half price line rental repli call deliveri tomorrow,1,1.0
went project centr,0,0.0
ok ur typic repli,0,1.0
know old dom told yesterday name roger got touch last night want meet today pm,0,0.0
next lt gt hour imma flip shit,0,0.0
hour hair cut,0,0.0
ask anthoni dad bf,0,0.0
oh ask fun haha take care,0,0.0
feel like dick keep sleep text facebook messag sup town,0,0.0
offic da,0,0.0
hey late ah meet,0,0.0
back good journey let know need receipt shall tell like pendent,0,0.0
haha awesom coupl time come,0,0.0
valu custom pleas advis follow recent review mob award bonu prize call,1,1.0
oh get even,0,0.0
app class varaya elaya,0,0.0
go tirunelvali week see uncl alreadi spend amount take dress want give feb,0,0.0
told everyth stop dont let get dehydr,0,0.0
ask call ok,0,0.0
japanes proverb one none must indian version one let none leav final kerala version one stop none make strike,0,0.0
wan na gym harri,0,0.0
use soc use home    dunno type word ar,0,0.0
dude makin weirdi browni sister made awesom cooki took pic,0,0.0
havent next mon,0,0.0
drama enough famili struggl hot sun strang reason ego go invit actual necess seriou reppurcuss,0,0.0
alright took morphin back yo,0,0.0
yup bath liao,0,0.0
dear good morn,0,0.0
urgent attempt contact prize yesterday still await collect claim call,1,1.0
simpson movi releas juli name band die start film day day day send,1,0.0
contin,0,0.0
wake gt,0,0.0
sure time tho sure get librari class tri see point good eve,0,0.0
also thk fast xy suggest one dun wan go rain leh got gd,0,0.0
thank hope good day today,0,0.0
dont know bring food,0,0.0
sir good morn hope good weekend call let know abl rais lt gt dad howev said would make rest avail mid amount still quit short hope would help good day abiola,0,0.0
someon conact date servic enter phone fanci find call landlin,1,1.0
time month mid time,0,0.0
need campu atm could pick hour two,0,0.0
aight work thank,0,0.0
quiteamuz that  scool babe probpop cu satthen hunni love jen xxx psxtra lrg portion pleas,0,0.0
argh fuck nobodi town,0,0.0
height recycl read peopl spend time earn money money spent spend time good keep smile,0,0.0
hey happen switch ur cell whole day isnt good care give call tomorrow,0,0.0
hey mr what name bill brison book one languag word,0,0.0
send logo ur lover name join heart txt love mobno eg love adam eve yahoo txtno ad,1,1.0
go ride bike,0,0.0
yeah impress got,0,0.0
go open room thanksgiv without upcharg,0,0.0
mum go robinson alreadi,0,0.0
fix teeth take care,0,0.0
wml ringtone,1,0.0
aiyar sorri lor forgot tell,0,0.0
got shitload diamond though,0,0.0
leav de start prepar next,0,0.0
think might give miss teach til twelv lectur two damn work thing,0,0.0
leav qatar tonit search went add ur prayer,0,0.0
cook dinner,0,0.0
mani peopl seem special first sight remain special till last maintain till life sh ja,0,0.0
nokia tone ur mob everi week txt nok tone free get txtin tell ur friend repli hl,1,1.0
wan meet combin part da rest da project go,0,0.0
darlin cantdo anythingtomorrow mypar aretak outfor meal free,0,0.0
check got detail messag,0,0.0
ok dear call chechi,0,0.0
pl help tell ashley cant find number oh,0,0.0
still custom place,0,0.0
mm entir sure understood text hey ho weekend,0,0.0
tell friend come round til like lt gt ish,0,0.0
webpag avail,0,0.0
reach ur home lt gt minut,0,0.0
wow boy back take uk tour win vip ticket vip club txt club trackmarqu ltd info,1,1.0
messag food,0,0.0
pl speak custom machan,0,0.0
much fight good nite,0,0.0
ye reg ciao,0,0.0
join today,0,1.0
get librari,0,0.0
boy best get yo ass quick,0,0.0
free msg get gnarl barkley rington total free repli go messag right,1,1.0
custom servic announc recent tri make deliveri unabl pleas call,1,1.0
guy,0,0.0
want tell bad feel basic time text late need drug,0,0.0
abl anyth,0,0.0
film ill call later,0,0.0
fine send greet,0,0.0
call freephon,1,0.0
know lack particular dramastorm detail part worri,0,0.0
oop shower call hey park garag collaps univers hospit see crazi stuff like happen,0,0.0
scream mean,0,0.0
oh come tomorrow,0,0.0
hi roger cl,0,0.0
alright good night,0,0.0
actual mobil full msg work onlin need send lt gt sent msg wil explain later,0,0.0
sent ur email id soon,0,0.0
oi gon na ring,0,0.0
leav wif lar    wan carri meh heavi da num familiar,0,0.0
dear sleep,0,0.0
fine good hear dear happi new year oh,0,0.0
one regist subscrib enter draw gift voucher repli enter unsubscrib text stop,1,1.0
work pleas call,0,0.0
hi email address chang,0,0.0
outsid island head toward hard rock run,0,0.0
ditto wo worri say anyth anymor like said last night whatev want peac,0,0.0
valentin day special win quiz take partner trip lifetim send go rcvd,1,0.0
india win level seri mean record,0,0.0
remind hr,0,0.0
freemsg fanci flirt repli date join uk fastest grow mobil date servic msg rcvd optout txt stop repli date,1,1.0
hous sky quit dark liao rain got excus run alreadi rite hee,0,0.0
good morn princess happi new year,0,0.0
wen ur lovabl bcum angri wid dnt take coz angri childish true way show deep affect care luv kettoda manda nice day da,0,0.0
life style garment account pleas,0,0.0
know thinkin malaria relax children cant handl malaria would wors gastroenter take enough replac loss temp reduc give malaria med vomit self limit ill mean day complet stop,0,0.0
hi mobil lt gt ad contact list great place send free sm peopl visit,0,0.0
lost help,1,1.0
hard true much show amp express love someon much hurt leav get seper even,0,0.0
uncl atlanta wish guy great semest,0,0.0
rat hey ever vote next theme,0,0.0
hey gave photo regist drive ah tmr wan na meet yck,0,0.0
came look flat seem ok away alot wiv work got woman come,0,0.0
dont thnk wrong call us,0,0.0
lt gt go get,0,0.0
wondarful song,0,0.0
free call,0,1.0
oh got job what,0,0.0
beauti girl ive ever seen babi come common room,0,0.0
well know take care worri,0,0.0
wow healthi old airport rd lor cant thk anyth els bath dog later,0,0.0
dizzamn aight ask suitem get back,0,0.0
what come hill monster hope great day thing go fine busi though,0,0.0
daddi shu shu look wan tell singapor wat,0,0.0
bluray player,0,0.0
piggi awak bet still sleep go lunch,0,0.0
cant tri new invent,0,0.0
secret admir reveal think special call opt repli reveal stop per msg recd cust care,1,1.0
award sipix digit camera call landlin deliveri within cs warranti,1,1.0
urgent attempt contact prize yesterday still await collect claim call,1,1.0
ok,0,0.0
oh oki lor go sat,0,0.0
much dirti fellow,0,0.0
mean post wrote like mani time ritten stuff let sit feel time angri left hit send stop check phone got car said sleep bore would time clean fold laundri least make bed,0,0.0
import prevent dehydr give enough fluid,0,0.0
realli get hang around,0,0.0
ok way home hi hi,0,0.0
joy father john john name joy father mandan,0,0.0
meet depend wan,0,0.0
date sunday,0,0.0
save money wed lingeri choos superb select nation deliveri brought weddingfriend,1,1.0
wahala rememb friend need,0,0.0
pleas call custom servic repres guarante cash prize,1,1.0
come funer home,0,0.0
mani happi return day wish happi birthday,0,0.0
thank understand tri tell sura,0,0.0
got lousi sleep kept wake everi hour see cat want come worri cold,0,0.0
friend help us problem give stupid suggest land us anoth problem help us forgt previou problem,0,0.0
got fujitsu ibm hp toshiba got lot model say,0,0.0
skint fanci gona go meet othr spoon jst bin watchng planet earth sofa comfey dont make hav gd night,0,0.0
cmon babe make horni txt fantasi babe im hot sticki need repli cost cancel send stop,1,1.0
book lesson msg call work sth go get spec membership,0,0.0
day kickoff kept inform latest news result daili unsubscrib send get euro stop,1,1.0
privat account statement,1,1.0
gon na pick burger way home ca even move pain kill,0,0.0
ok thanx take care,0,0.0
first gain lt gt kg sinc took second done blood sugar test ok blood pressur within normal limit worri,0,0.0
sorri call later,0,0.0
home way,0,0.0
hi hope ur day good back walk tabl book half eight let know ur come,0,0.0
ur current pound maxim ur send collect cc po box,1,1.0
hey come onlin use msn,0,0.0
well done england get offici poli rington colour flag yer mobil text tone flag txt eng stop,1,1.0
ok shall talk,0,0.0
sorri call later,0,0.0
wow never realiz embarass accomod thought like sinc best could alway seem happi sorri give sorri offer sorri room embarass,0,0.0
dont know oh hope month,0,0.0
hey go quit soon xuhui work till end month,0,0.0
ya knw vl ok thank enjoy wit ur famili wit,0,0.0
thought prap meant anoth one goodo look tomorrow,0,0.0
ur chanc win cash everi wk txt action custcar,1,1.0
hey babe friend cancel still visit,0,0.0
mani day sinc,0,0.0
arriv see coupl day lt,0,0.0
later show around want cld drink wld prefer spend money nosh mind nxt wk,0,0.0
guy ask get slipper gone last year,0,0.0
think tantrum finish yeah point,0,0.0
best msg hard person know one step foward make fall amp one step back ruin ur good night,0,0.0
would ip address test consid comput minecraft server,0,0.0
lol knew saw dollar store,0,0.0
dear invit xchat final attempt contact txt chat ldn,1,1.0
mean get door,0,0.0
uncl abbey happi new year abiola,0,0.0
favor pl convey birthday wish dnt forget today birthday shija,0,0.0
xma iscom ur award either cd gift voucher free entri weekli draw txt music tnc,1,1.0
free week entri textpod chanc win ipod cash everi wk txt vpod ts cs custcar,1,1.0
want new video handset anytim network min half price line rental camcord repli call deliveri tomorrow,1,1.0
want lt gt rs da,0,0.0
went ur hon lab one,0,0.0
nice sheffield tom air opinion categori use measur ethnic next censu busi transcrib,0,0.0
finish work yet someth,0,0.0
da vijay go talk jaya tv,0,0.0
work ah den plu lor workin oso rite den go orchard lor place go liao,0,0.0
apo movi,0,0.0
buy newspap alreadi,0,0.0
happen yo date,0,0.0
hi babe jordan im home abroad lone text back wan na chat xxsp text stop stopcost,1,1.0
sorri call later,0,0.0
gon na ring weekend wot,0,0.0
india go draw seri mani year south african,0,0.0
ca number,0,0.0
haha cant tmr forfeit haha,0,0.0
waaaat lololo ok next time,0,0.0
miss call caus yell scrappi miss ca wait come home lone today,0,0.0
hi spoke maneesha like know satisfi experi repli toll free ye,0,0.0
poli tone mob direct rpli poli titl eg poli titl crazyin sleepingwith finest ymca,1,1.0
mostli like,0,0.0
hey watch movi tonight prob home earli,0,0.0
juli,0,0.0
win realli side long time,0,0.0
noe la wana pei bf oso rite lor day den,0,0.0
onlyfound afew day,0,0.0
cbe realli good nowaday lot shop showroom citi shape good,0,0.0
actual decid hungri left yet,0,0.0
though shd go fun bar town someth sound ok,0,0.0
guarante cash prize claim yr prize call custom servic repres cost,1,1.0
know lab goggl went,0,0.0
callin culdnt talkbut wannatel detail later wenwecan chat properli,0,0.0
anyth lar go home dinner,0,0.0
receiv understood act upon,0,0.0
umma say anyth,0,0.0
cant think anyon spare room top head,0,0.0
gam gone outstand inning,0,0.0
download clear movi dvd copi,0,0.0
belong hope pray fate shoranur train incid let hold hand togeth amp fuell love amp concern prior grief amp pain pl join di chain amp pass stop violenc women,0,0.0
meet da call,0,0.0
like italian food,0,0.0
rington club new poli direct mobil everi week,1,1.0
come friday leav pongal get news work place,0,0.0
yo there class tmrw right,0,0.0
hmm bad news hype park plaza studio taken left,0,0.0
lt gt guess easi enough,0,0.0
special,0,0.0
repli win weekli fifa world cup held send stop end servic,1,1.0
good find way,0,0.0
think one say clearli ok leav need ask go come,0,0.0
outbid shinco dvd plyr bid visit sm end bid notif repli end,1,1.0
hi wkend ok journey terribl wk good huge back log mark,0,0.0
valentin day special win quiz take partner trip lifetim send go rcvd,1,0.0
yup alreadi thanx print hand,0,0.0
